{"name":"441f24df-9230-4b1b-bd58-7cd44d956432","id":"/providers/Microsoft.Flow/flows/441f24df-9230-4b1b-bd58-7cd44d956432","type":"Microsoft.Flow/flows","properties":{"apiId":"/providers/Microsoft.PowerApps/apis/shared_logicflows","displayName":"Function Expressions - Indexof","definition":{"metadata":{"workflowEntityId":null,"processAdvisorMetadata":null,"flowChargedByPaygo":null,"flowclientsuspensionreason":"None","flowclientsuspensiontime":null,"flowclientsuspensionreasondetails":null,"creator":{"id":"fd0c0274-dfb5-43c5-a34b-7c8c0c672d87","type":"User","tenantId":"e3ad0773-49e9-4589-a7dc-7019e60c1ec3"},"provisioningMethod":"FromDefinition","failureAlertSubscription":true,"clientLastModifiedTime":"2024-12-11T14:52:01.2894861Z","connectionKeySavedTimeKey":"2024-12-11T14:52:01.2894861Z"},"$schema":"https://schema.management.azure.com/providers/Microsoft.Logic/schemas/2016-06-01/workflowdefinition.json#","contentVersion":"1.0.0.0","parameters":{"$authentication":{"defaultValue":{},"type":"SecureObject"},"$connections":{"defaultValue":{},"type":"Object"}},"triggers":{"When_a_new_response_is_submitted":{"splitOn":"@triggerOutputs()?['body/value']","type":"OpenApiConnectionWebhook","inputs":{"parameters":{"form_id":"cwet4-lJiUWn3HAZ5gwew3QCDP2138VDo0t8jAxnLYdURDRMSlY3RFQzTjJLSkwwWjJJVjQ5OUJKSi4u"},"host":{"apiId":"/providers/Microsoft.PowerApps/apis/shared_microsoftforms","connectionName":"shared_microsoftforms","operationId":"CreateFormWebhook"},"authentication":"@parameters('$authentication')"},"description":"Refer this link to see what kind of form we have created  - https://forms.microsoft.com/r/jv6VAx7Rb2 \nThis form name is Feedback Form , that is what selected below"}},"actions":{"Initialize_variable":{"runAfter":{"Get_response_details":["Succeeded"]},"type":"InitializeVariable","inputs":{"variables":[{"name":"Feedback","type":"string","value":"@outputs('Get_response_details')?['body/r55b2e200c26e46d09ca321453ba6142e']"}]},"description":"Creating a Variable where the Option selected , in the form if you have already seen there are only two selections Delay in Services and Good one , So I want to extract that string which one selected while form getting filled"},"Get_response_details":{"runAfter":{},"type":"OpenApiConnection","inputs":{"parameters":{"form_id":"cwet4-lJiUWn3HAZ5gwew3QCDP2138VDo0t8jAxnLYdURDRMSlY3RFQzTjJLSkwwWjJJVjQ5OUJKSi4u","response_id":"@triggerOutputs()?['body/resourceData/responseId']"},"host":{"apiId":"/providers/Microsoft.PowerApps/apis/shared_microsoftforms","connectionName":"shared_microsoftforms","operationId":"GetFormResponseById"},"authentication":"@parameters('$authentication')"},"description":"This action get the me all the responses received in that form"},"Initialize_variable_1":{"runAfter":{"Initialize_variable":["Succeeded"]},"type":"InitializeVariable","inputs":{"variables":[{"name":"Keyword","type":"string","value":"Delay"}]},"description":"This is the part of that string which is delay , here we are trying to compare both strings and see if any matching string there"},"Compose":{"runAfter":{"Initialize_variable_1":["Succeeded"]},"type":"Compose","inputs":"@indexOf(variables('Feedback'),variables('Keyword'))","description":"Here we are using indexOf function , \nthis function compares both the string , 1. Selected by the user 2. the variable Delay and if that string is there indexof function tells where that string starts in whole text so from 0 to any positive position"},"Condition":{"actions":{"Send_an_email_(V2)":{"type":"OpenApiConnection","inputs":{"parameters":{"emailMessage/To":"vijay.perepa@ameetz.com","emailMessage/Subject":"Thanks for choosing ","emailMessage/Body":"<p class=\"editor-paragraph\">Sorry for Delay</p>","emailMessage/Importance":"Normal"},"host":{"apiId":"/providers/Microsoft.PowerApps/apis/shared_office365","connectionName":"shared_office365","operationId":"SendEmailV2"},"authentication":"@parameters('$authentication')"}}},"runAfter":{"Compose":["Succeeded"]},"else":{"actions":{"Send_an_email_(V2)-copy":{"type":"OpenApiConnection","inputs":{"parameters":{"emailMessage/To":"vijay.perepa@ameetz.com","emailMessage/Subject":"Thanks for choosing ","emailMessage/Body":"<p class=\"editor-paragraph\">Thanks for feedback</p>","emailMessage/Importance":"Normal"},"host":{"apiId":"/providers/Microsoft.PowerApps/apis/shared_office365","connectionName":"shared_office365","operationId":"SendEmailV2"},"authentication":"@parameters('$authentication')"}}}},"expression":{"and":[{"greaterOrEquals":["@outputs('Compose')",0]}]},"type":"If","description":"In case that position is >=0 that means the user selected Delay in services and if it is true we send an email saying that \"sorry for the Delay\" , if it is false we are sending a thank you message"}},"outputs":{}},"connectionReferences":{"shared_microsoftforms":{"connectionName":"shared-microsoftform-402e5bf1-1082-44c8-8c16-86b8655eff6c","source":"Embedded","id":"/providers/Microsoft.PowerApps/apis/shared_microsoftforms","tier":"NotSpecified"},"shared_office365":{"connectionName":"shared-office365-1b3ea6c0-8349-4fea-a855-c86406cbe678","source":"Embedded","id":"/providers/Microsoft.PowerApps/apis/shared_office365","tier":"NotSpecified"}},"flowFailureAlertSubscribed":false,"isManaged":false}}