{"name":"aed72a63-85ba-4fdf-8638-56e0f9d851fa","id":"/providers/Microsoft.Flow/flows/aed72a63-85ba-4fdf-8638-56e0f9d851fa","type":"Microsoft.Flow/flows","properties":{"apiId":"/providers/Microsoft.PowerApps/apis/shared_logicflows","displayName":"Data Operations - Join","definition":{"metadata":{"workflowEntityId":null,"processAdvisorMetadata":null,"flowChargedByPaygo":null,"flowclientsuspensionreason":"None","flowclientsuspensiontime":null,"flowclientsuspensionreasondetails":null,"creator":{"id":"fd0c0274-dfb5-43c5-a34b-7c8c0c672d87","type":"User","tenantId":"e3ad0773-49e9-4589-a7dc-7019e60c1ec3"},"provisioningMethod":"FromDefinition","failureAlertSubscription":true,"clientLastModifiedTime":"2024-12-01T12:10:31.1109919Z","connectionKeySavedTimeKey":"2024-12-01T12:10:31.1109919Z"},"$schema":"https://schema.management.azure.com/providers/Microsoft.Logic/schemas/2016-06-01/workflowdefinition.json#","contentVersion":"undefined","parameters":{"$authentication":{"defaultValue":{},"type":"SecureObject"},"$connections":{"defaultValue":{},"type":"Object"}},"triggers":{"manual":{"type":"Request","kind":"Button","inputs":{"schema":{"type":"object","properties":{},"required":[]}},"description":"In Power Automate (Cloud), the Join operation is used to combine the elements of an array into a single string, with each element separated by a specified delimiter. This is often used to create readable strings from lists or arrays in a flow."}},"actions":{"Compose":{"runAfter":{},"type":"Compose","inputs":["Vijay","Ajay","Rajath"],"description":"Here I have few names in an array and I want them to turn into an email string the way we wanted them in the email address list! Follow the example ! Run and see the result!"},"Join":{"runAfter":{"Compose":["Succeeded"]},"type":"Join","inputs":{"from":"@outputs('Compose')","joinWith":";"},"description":"We want the names coming from Compose Action, concatenated with Semicolon  (  ;  )"}}},"connectionReferences":{},"flowFailureAlertSubscribed":false,"isManaged":false}}