{"name":"1779b256-a5a6-4f57-9b0a-54f7d61867fa","id":"/providers/Microsoft.Flow/flows/1779b256-a5a6-4f57-9b0a-54f7d61867fa","type":"Microsoft.Flow/flows","properties":{"apiId":"/providers/Microsoft.PowerApps/apis/shared_logicflows","displayName":"Using Switch Statement in Power Automate","definition":{"metadata":{"workflowEntityId":null,"processAdvisorMetadata":null,"flowChargedByPaygo":null,"flowclientsuspensionreason":"None","flowclientsuspensiontime":null,"flowclientsuspensionreasondetails":null,"creator":{"id":"fd0c0274-dfb5-43c5-a34b-7c8c0c672d87","type":"User","tenantId":"e3ad0773-49e9-4589-a7dc-7019e60c1ec3"},"provisioningMethod":"FromDefinition","failureAlertSubscription":true,"clientLastModifiedTime":"2024-12-12T09:44:04.5428409Z","connectionKeySavedTimeKey":"2024-12-12T09:44:04.5428409Z"},"$schema":"https://schema.management.azure.com/providers/Microsoft.Logic/schemas/2016-06-01/workflowdefinition.json#","contentVersion":"1.0.0.0","parameters":{"$authentication":{"defaultValue":{},"type":"SecureObject"},"$connections":{"defaultValue":{},"type":"Object"}},"triggers":{"When_an_item_is_created":{"recurrence":{"interval":3,"frequency":"Minute"},"splitOn":"@triggerOutputs()?['body/value']","type":"OpenApiConnection","inputs":{"parameters":{"dataset":"https://ameetz.sharepoint.com/sites/PowerAutomateTraining-Faurecia","table":"7154ac09-2d9c-444d-9d2c-bbd49b71fd15"},"host":{"apiId":"/providers/Microsoft.PowerApps/apis/shared_sharepointonline","connectionName":"shared_sharepointonline","operationId":"GetOnNewItems"},"authentication":"@parameters('$authentication')"}}},"actions":{"Initialize_variable_-_Laptop":{"runAfter":{},"type":"InitializeVariable","inputs":{"variables":[{"name":"item1","type":"string","value":"Laptop"}]}},"Initialize_variable-_Mouse":{"runAfter":{"Initialize_variable_-_Laptop":["Succeeded"]},"type":"InitializeVariable","inputs":{"variables":[{"name":"item2","type":"string","value":"Mouse"}]}},"Initialize_variable-Stationary":{"runAfter":{"Initialize_variable-_Mouse":["Succeeded"]},"type":"InitializeVariable","inputs":{"variables":[{"name":"item3","type":"string","value":"Stationary"}]}},"Switch":{"runAfter":{"Initialize_variable-Stationary":["Succeeded"]},"cases":{"Case":{"case":"Laptop","actions":{"Compose":{"type":"Compose","inputs":"@variables('item1')"}}},"Case 2":{"case":"Mouse","actions":{"Compose_1":{"type":"Compose","inputs":"@variables('item2')"}}}},"default":{"actions":{"Compose_2":{"type":"Compose","inputs":"@variables('item3')"}}},"expression":"@triggerBody()?['ItemRequested/Value']","type":"Switch"}},"outputs":{}},"connectionReferences":{"shared_sharepointonline":{"connectionName":"ba3962211fd445a2ba88371a12a71835","source":"Embedded","id":"/providers/Microsoft.PowerApps/apis/shared_sharepointonline","tier":"NotSpecified","apiName":"sharepointonline"}},"flowFailureAlertSubscribed":false,"isManaged":false}}