{"name":"61ac56cf-753b-4d90-b6bb-7481099d1664","id":"/providers/Microsoft.Flow/flows/61ac56cf-753b-4d90-b6bb-7481099d1664","type":"Microsoft.Flow/flows","properties":{"apiId":"/providers/Microsoft.PowerApps/apis/shared_logicflows","displayName":"Email Reminder to approvers","definition":{"metadata":{"workflowEntityId":null,"processAdvisorMetadata":null,"flowChargedByPaygo":null,"flowclientsuspensionreason":"None","flowclientsuspensiontime":null,"flowclientsuspensionreasondetails":null,"creator":{"id":"fd0c0274-dfb5-43c5-a34b-7c8c0c672d87","type":"User","tenantId":"e3ad0773-49e9-4589-a7dc-7019e60c1ec3"},"provisioningMethod":"FromDefinition","failureAlertSubscription":true,"clientLastModifiedTime":"2024-12-09T11:03:06.961586Z","connectionKeySavedTimeKey":"2024-12-09T11:03:06.961586Z"},"$schema":"https://schema.management.azure.com/providers/Microsoft.Logic/schemas/2016-06-01/workflowdefinition.json#","contentVersion":"1.0.0.0","parameters":{"$connections":{"defaultValue":{},"type":"Object"},"$authentication":{"defaultValue":{},"type":"SecureObject"}},"triggers":{"manual":{"metadata":{"operationMetadataId":"bb4aa094-554d-4ff1-a1b9-2bff288f2f05"},"type":"Request","kind":"Button","inputs":{"schema":{"type":"object","properties":{},"required":[]}},"description":"In this flow you will understand how to send email reminders to approvers"}},"actions":{"Initialize_variable":{"runAfter":{},"metadata":{"operationMetadataId":"94e3bde3-820a-4591-b701-7e548c7552f9"},"type":"InitializeVariable","inputs":{"variables":[{"name":"ApproverResponded","type":"string","value":"No"}]},"description":"We need to create a variable as No since this is starting point"},"Start_and_wait_for_an_approval":{"runAfter":{"Initialize_variable":["Succeeded"]},"metadata":{"flowSystemMetadata":{"swaggerOperationId":"StartAndWaitForAnApproval"},"operationMetadataId":"a6e5b2c4-3674-4ddb-806b-0b8db4ca113c"},"type":"ApiConnectionWebhook","inputs":{"host":{"connection":{"name":"@json(decodeBase64(triggerOutputs().headers['X-MS-APIM-Tokens']))['$connections']['shared_approvals']['connectionId']"},"api":{"runtimeUrl":"https://india-001.azure-apim.net/apim/approvals"}},"body":{"notificationUrl":"@{listCallbackUrl()}","title":"Dummy Task","assignedTo":"vijay.perepa@ameetz.com","enableNotifications":true},"path":"/types/@{encodeURIComponent('Basic')}/subscriptions","authentication":{"type":"Raw","value":"@json(decodeBase64(triggerOutputs().headers['X-MS-APIM-Tokens']))['$ConnectionKey']"}}},"Do_until":{"actions":{"Delay_24_hours":{"runAfter":{},"metadata":{"operationMetadataId":"fc661c56-0041-464a-9ec5-0fc1bf61c153"},"type":"Wait","inputs":{"interval":{"count":15,"unit":"Second"}},"description":"This is the wait time like  1 Day or 2 Days whatever, For testing purpose we hv kept 15 seconds , but in production let it be practical dealy like 1 day or more"},"Condition":{"actions":{"Send_an_email_reminder":{"runAfter":{},"metadata":{"flowSystemMetadata":{"swaggerOperationId":"SendEmail"},"operationMetadataId":"44f26e53-9b1f-4566-b218-b958a33ec884"},"type":"ApiConnection","inputs":{"host":{"connection":{"name":"@json(decodeBase64(triggerOutputs().headers['X-MS-APIM-Tokens']))['$connections']['shared_office365']['connectionId']"},"api":{"runtimeUrl":"https://india-001.azure-apim.net/apim/office365"}},"method":"post","body":{"To":"vijay.perepa@ameetz.com","Subject":"Reminder for dummy task approval","Body":"dummy task reminder"},"path":"/Mail","authentication":{"type":"Raw","value":"@json(decodeBase64(triggerOutputs().headers['X-MS-APIM-Tokens']))['$ConnectionKey']"}}}},"runAfter":{"Delay_24_hours":["Succeeded"]},"expression":{"equals":["@variables('ApproverResponded')","No"]},"metadata":{"operationMetadataId":"c10dca34-968b-4937-b7a0-a5455cc2a3e2"},"type":"If","description":"Since the approver still not approved after prescribed delay above , still the Variable is No hence we can send reminders"}},"runAfter":{"Initialize_variable":["Succeeded"]},"expression":"@equals(variables('ApproverResponded'), 'Yes')","limit":{"count":60,"timeout":"PT1H"},"metadata":{"operationMetadataId":"62ce5677-d5aa-412d-b8c1-7df0b202f41b"},"type":"Until","description":"Do until will make sure that , Keep sending reminders to the Approvers until the Variable doesn't turn to Yes"},"Set_variable":{"runAfter":{"Start_and_wait_for_an_approval":["Succeeded"]},"metadata":{"operationMetadataId":"e6f6b997-b6d4-423a-ae3d-7ff299b6a644"},"type":"SetVariable","inputs":{"name":"ApproverResponded","value":"Yes"},"description":"Incase the the Approver has initiated approval then this variable will become Yes hence the reminder will not be sent"}},"outputs":{}},"connectionReferences":{"shared_approvals":{"connectionName":"shared-approvals-e054332a-71ec-40d8-ae12-245a1c28d8a1","source":"Invoker","id":"/providers/Microsoft.PowerApps/apis/shared_approvals","tier":"NotSpecified"},"shared_office365":{"connectionName":"shared-office365-8eb92be7-3d3a-4dd2-befe-e2a395877b40","source":"Invoker","id":"/providers/Microsoft.PowerApps/apis/shared_office365","tier":"NotSpecified"}},"flowFailureAlertSubscribed":false,"isManaged":false}}