{"name":"c7d80ab7-593b-4472-9e55-c0948b244c69","id":"/providers/Microsoft.Flow/flows/c7d80ab7-593b-4472-9e55-c0948b244c69","type":"Microsoft.Flow/flows","properties":{"apiId":"/providers/Microsoft.PowerApps/apis/shared_logicflows","displayName":"Power automate Expressions - Startoftheday , utcnow","definition":{"metadata":{"workflowEntityId":null,"processAdvisorMetadata":null,"flowChargedByPaygo":null,"flowclientsuspensionreason":"None","flowclientsuspensiontime":null,"flowclientsuspensionreasondetails":null,"creator":{"id":"fd0c0274-dfb5-43c5-a34b-7c8c0c672d87","type":"User","tenantId":"e3ad0773-49e9-4589-a7dc-7019e60c1ec3"},"provisioningMethod":"FromDefinition","failureAlertSubscription":true,"clientLastModifiedTime":"2024-12-09T14:46:13.944042Z","connectionKeySavedTimeKey":"2024-12-09T14:46:13.944042Z"},"$schema":"https://schema.management.azure.com/providers/Microsoft.Logic/schemas/2016-06-01/workflowdefinition.json#","contentVersion":"undefined","parameters":{"$authentication":{"defaultValue":{},"type":"SecureObject"},"$connections":{"defaultValue":{},"type":"Object"}},"triggers":{"manual":{"type":"Request","kind":"Button","inputs":{"schema":{"type":"object","properties":{},"required":[]}}}},"actions":{"Compose":{"runAfter":{},"type":"Compose","inputs":"@startOfDay(utcNow())","description":"startOfDay Function alongwith utcnow function gives the out come like\n2024-12-09T00:00:00.0000000Z ( Date with hours/minutes as zero) First Date and Time stamp of the day"},"Compose_1":{"runAfter":{"Compose":["Succeeded"]},"type":"Compose","inputs":"@startOfDay(utcNow(),'dd/MMM/yyyy')","description":"Incase you want the date to be formatted like dd/MMM/yyyy only with no time stamp\nthen this function helps"}}},"connectionReferences":{},"flowFailureAlertSubscribed":false,"isManaged":false}}