{"name":"f743e5ed-cbb7-45e3-b2b2-85add1a2d659","id":"/providers/Microsoft.Flow/flows/f743e5ed-cbb7-45e3-b2b2-85add1a2d659","type":"Microsoft.Flow/flows","properties":{"apiId":"/providers/Microsoft.PowerApps/apis/shared_logicflows","displayName":"Power Automate Function Expressions - Replace","definition":{"metadata":{"workflowEntityId":null,"processAdvisorMetadata":null,"flowChargedByPaygo":null,"flowclientsuspensionreason":"None","flowclientsuspensiontime":null,"flowclientsuspensionreasondetails":null,"creator":{"id":"fd0c0274-dfb5-43c5-a34b-7c8c0c672d87","type":"User","tenantId":"e3ad0773-49e9-4589-a7dc-7019e60c1ec3"},"provisioningMethod":"FromDefinition","failureAlertSubscription":true,"clientLastModifiedTime":"2024-12-13T16:33:00.7479045Z","connectionKeySavedTimeKey":"2024-12-13T16:33:00.7479045Z"},"$schema":"https://schema.management.azure.com/providers/Microsoft.Logic/schemas/2016-06-01/workflowdefinition.json#","contentVersion":"1.0.0.0","parameters":{"$authentication":{"defaultValue":{},"type":"SecureObject"},"$connections":{"defaultValue":{},"type":"Object"}},"triggers":{"When_an_item_is_created":{"recurrence":{"interval":3,"frequency":"Minute"},"splitOn":"@triggerOutputs()?['body/value']","type":"OpenApiConnection","inputs":{"parameters":{"dataset":"https://ameetz.sharepoint.com/sites/PowerAutomateTraining-Faurecia","table":"Customer Data"},"host":{"apiId":"/providers/Microsoft.PowerApps/apis/shared_sharepointonline","connectionName":"shared_sharepointonline","operationId":"GetOnNewItems"},"authentication":"@parameters('$authentication')"},"description":"A company receives customer reference numbers in inconsistent formats, such as:\n\nCUST_123\nCUST-456\nCUST_789\nThe goal is to standardize all customer reference numbers by replacing underscores (_) with hyphens (-) before storing them in a database.\n"}},"actions":{"Compose":{"runAfter":{},"type":"Compose","inputs":"@replace(triggerBody()?['Title'],'_','-')"},"Update_item":{"runAfter":{"Compose":["Succeeded"]},"type":"OpenApiConnection","inputs":{"parameters":{"dataset":"https://ameetz.sharepoint.com/sites/PowerAutomateTraining-Faurecia","table":"1557b844-0ab7-4d5a-aeac-b668090faefe","id":"@triggerBody()?['ID']","item/Title":"@outputs('Compose')"},"host":{"apiId":"/providers/Microsoft.PowerApps/apis/shared_sharepointonline","connectionName":"shared_sharepointonline","operationId":"PatchItem"},"authentication":"@parameters('$authentication')"}}},"outputs":{}},"connectionReferences":{"shared_sharepointonline":{"connectionName":"ba3962211fd445a2ba88371a12a71835","source":"Embedded","id":"/providers/Microsoft.PowerApps/apis/shared_sharepointonline","tier":"NotSpecified","apiName":"sharepointonline"}},"flowFailureAlertSubscribed":false,"isManaged":false}}