{"name":"0fd2b242-0883-4d9b-b004-93f380c6d590","id":"/providers/Microsoft.Flow/flows/0fd2b242-0883-4d9b-b004-93f380c6d590","type":"Microsoft.Flow/flows","properties":{"apiId":"/providers/Microsoft.PowerApps/apis/shared_logicflows","displayName":"Data Operations  - Compose","definition":{"metadata":{"workflowEntityId":null,"processAdvisorMetadata":null,"flowChargedByPaygo":null,"flowclientsuspensionreason":"None","flowclientsuspensiontime":null,"flowclientsuspensionreasondetails":null,"creator":{"id":"fd0c0274-dfb5-43c5-a34b-7c8c0c672d87","type":"User","tenantId":"e3ad0773-49e9-4589-a7dc-7019e60c1ec3"},"provisioningMethod":"FromDefinition","failureAlertSubscription":true,"clientLastModifiedTime":"2024-12-01T11:46:28.2416918Z","connectionKeySavedTimeKey":"2024-12-01T11:46:28.2416918Z"},"$schema":"https://schema.management.azure.com/providers/Microsoft.Logic/schemas/2016-06-01/workflowdefinition.json#","contentVersion":"undefined","parameters":{"$authentication":{"defaultValue":{},"type":"SecureObject"},"$connections":{"defaultValue":{},"type":"Object"}},"triggers":{"manual":{"metadata":{"operationMetadataId":"bf60b515-eca9-4be9-860b-927fde0b17f6"},"type":"Request","kind":"Button","inputs":{"schema":{"type":"object","properties":{},"required":[]}},"description":"In this particular example , have shown how the  Compose Action (  part of data operations) works. Compose can recognize any input's data type based on its value . Here you can see numbers, date and array how compose is giving result"}},"actions":{"Compose_-_Static_Variable":{"runAfter":{},"metadata":{"operationMetadataId":"e0e0a8ad-342b-46f2-8928-a348c302e295"},"type":"Compose","inputs":"vijay.perepa@ameetz.com","description":"This is a static variable and this can used in multiple places by using the output of Compose. Either it can be dynamic content or can be manual input. \n\nHere the data type will be understood automatically and based on the values if defines the datatype"},"Compose_-_numbers":{"runAfter":{"Compose_-_Static_Variable":["Succeeded"]},"metadata":{"operationMetadataId":"26355500-3993-4bad-b974-94a937872670"},"type":"Compose","inputs":23},"Compose_-_number1":{"runAfter":{"Compose_-_numbers":["Succeeded"]},"metadata":{"operationMetadataId":"52ca29b3-02ae-4a7a-884f-84a751e01153"},"type":"Compose","inputs":25},"Compose_-result":{"runAfter":{"Compose_-_number1":["Succeeded"]},"metadata":{"operationMetadataId":"80117f20-7951-4866-a67a-8d035c4a4c27"},"type":"Compose","inputs":"@float(div(float(outputs('Compose_-_number1')),float(outputs('Compose_-_numbers'))))","description":"We have created two different Compose Actions\n- Compose - numbers\n- Compose - number1\n\nWe can use them in another compose action and those are recognized, automatically, as number data type and the result will be again a number .\nIn this action find that."},"Compose_-_Date_1":{"runAfter":{"Compose_-result":["Succeeded"]},"metadata":{"operationMetadataId":"5c568636-3842-483b-b710-150d192eaddc"},"type":"Compose","inputs":"12 Dec 2024"},"Compose_-_Date_2":{"runAfter":{"Compose_-_Date_1":["Succeeded"]},"metadata":{"operationMetadataId":"d2fbc4cf-b536-4e4c-abbc-4e13c041534c"},"type":"Compose","inputs":"30 Dec 2024"},"Compose_-_Date_difference_Result":{"runAfter":{"Compose_-_Date_2":["Succeeded"]},"metadata":{"operationMetadataId":"c1f0c9d1-d3e0-4c0f-9424-f21d7187e4d9"},"type":"Compose","inputs":"@int(split(\r\ndateDifference(outputs('Compose_-_Date_1'),outputs('Compose_-_Date_2')),'.')[0])"},"Compose_-_Array_1":{"runAfter":{"Compose_-_Date_difference_Result":["Succeeded"]},"metadata":{"operationMetadataId":"4467a3b8-f64b-4160-a452-aa5c1aab2ad5"},"type":"Compose","inputs":[1,2,3,4,5]},"Compose_-_Array_2":{"runAfter":{"Compose_-_Array_1":["Succeeded"]},"metadata":{"operationMetadataId":"2801cf3d-e21d-41b5-b133-68b197ef01b2"},"type":"Compose","inputs":[2,3,4,5,6]},"Compose_-_Array_Result":{"runAfter":{"Compose_-_Array_2":["Succeeded"]},"metadata":{"operationMetadataId":"708e4793-d990-4f1f-a589-f9038c52d861"},"type":"Compose","inputs":"@union(outputs('Compose_-_Array_1'),outputs('Compose_-_Array_2'))"}}},"connectionReferences":{},"flowFailureAlertSubscribed":false,"isManaged":false}}