{
  "properties": {
    "connectionReferences": {
      "shared_excelonlinebusiness": {
        "runtimeSource": "invoker",
        "connection": {
          "connectionReferenceLogicalName": "vp1_sharedexcelonlinebusiness_f32ff"
        },
        "api": {
          "name": "shared_excelonlinebusiness"
        }
      }
    },
    "definition": {
      "$schema": "https://schema.management.azure.com/providers/Microsoft.Logic/schemas/2016-06-01/workflowdefinition.json#",
      "contentVersion": "undefined",
      "parameters": {
        "$authentication": {
          "defaultValue": {},
          "type": "SecureObject"
        },
        "$connections": {
          "defaultValue": {},
          "type": "Object"
        }
      },
      "triggers": {
        "manual": {
          "type": "Request",
          "kind": "Button",
          "inputs": {
            "schema": {
              "type": "object",
              "properties": {},
              "required": []
            }
          }
        }
      },
      "actions": {
        "Get_worksheets": {
          "runAfter": {},
          "metadata": {
            "01JW4YAGRFMBOX3RTMXNHZJLBJAXT6BSPU": "/Power Automate/FruitShopData.xlsx",
            "tableId": null
          },
          "type": "OpenApiConnection",
          "inputs": {
            "parameters": {
              "source": "me",
              "drive": "b!eEenxqkxOk-r-uEc3KfxkO_coIY157BMv1uPrhcboSq7IXqBJY_cQqPLxVo39mbX",
              "file": "01JW4YAGRFMBOX3RTMXNHZJLBJAXT6BSPU"
            },
            "host": {
              "apiId": "/providers/Microsoft.PowerApps/apis/shared_excelonlinebusiness",
              "connectionName": "shared_excelonlinebusiness",
              "operationId": "GetAllWorksheets"
            },
            "authentication": {
              "value": "@json(decodeBase64(triggerOutputs().headers['X-MS-APIM-Tokens']))['$ConnectionKey']",
              "type": "Raw"
            }
          }
        },
        "Apply_to_each": {
          "foreach": "@outputs('Get_worksheets')?['body/value']",
          "actions": {
            "Condition": {
              "actions": {
                "Run_script": {
                  "metadata": {
                    "01JW4YAGRFMBOX3RTMXNHZJLBJAXT6BSPU": "/Power Automate/FruitShopData.xlsx",
                    "tableId": null
                  },
                  "type": "OpenApiConnection",
                  "inputs": {
                    "parameters": {
                      "source": "me",
                      "drive": "b!eEenxqkxOk-r-uEc3KfxkO_coIY157BMv1uPrhcboSq7IXqBJY_cQqPLxVo39mbX",
                      "file": "01JW4YAGRFMBOX3RTMXNHZJLBJAXT6BSPU",
                      "scriptId": "ms-officescript%3A%2F%2Fonedrive_business_itemlink%2F01JW4YAGTLJXVSR6XVTRFZ6ZQH3BUUK5BF",
                      "ScriptParameters/activeSheet": "@items('Apply_to_each')?['name']"
                    },
                    "host": {
                      "apiId": "/providers/Microsoft.PowerApps/apis/shared_excelonlinebusiness",
                      "connectionName": "shared_excelonlinebusiness",
                      "operationId": "RunScriptProd"
                    },
                    "authentication": {
                      "value": "@json(decodeBase64(triggerOutputs().headers['X-MS-APIM-Tokens']))['$ConnectionKey']",
                      "type": "Raw"
                    }
                  }
                }
              },
              "else": {
                "actions": {}
              },
              "expression": {
                "and": [
                  {
                    "startsWith": [
                      "@items('Apply_to_each')?['name']",
                      "Office Scripts"
                    ]
                  }
                ]
              },
              "type": "If"
            }
          },
          "runAfter": {
            "Get_worksheets": [
              "Succeeded"
            ]
          },
          "type": "Foreach"
        }
      }
    },
    "templateName": null
  },
  "schemaVersion": "1.0.0.0"
}