{
  "properties": {
    "connectionReferences": {
      "shared_excelonlinebusiness": {
        "runtimeSource": "invoker",
        "connection": {
          "connectionReferenceLogicalName": "vp1_sharedexcelonlinebusiness_f32ff"
        },
        "api": {
          "name": "shared_excelonlinebusiness"
        }
      }
    },
    "definition": {
      "$schema": "https://schema.management.azure.com/providers/Microsoft.Logic/schemas/2016-06-01/workflowdefinition.json#",
      "contentVersion": "undefined",
      "parameters": {
        "$authentication": {
          "defaultValue": {},
          "type": "SecureObject"
        },
        "$connections": {
          "defaultValue": {},
          "type": "Object"
        }
      },
      "triggers": {
        "manual": {
          "type": "Request",
          "kind": "Button",
          "inputs": {
            "schema": {
              "type": "object",
              "properties": {},
              "required": []
            }
          }
        }
      },
      "actions": {
        "Get_tables": {
          "runAfter": {},
          "metadata": {
            "01JW4YAGRFMBOX3RTMXNHZJLBJAXT6BSPU": "/Power Automate/FruitShopData.xlsx",
            "tableId": null
          },
          "type": "OpenApiConnection",
          "inputs": {
            "parameters": {
              "source": "me",
              "drive": "b!eEenxqkxOk-r-uEc3KfxkO_coIY157BMv1uPrhcboSq7IXqBJY_cQqPLxVo39mbX",
              "file": "01JW4YAGRFMBOX3RTMXNHZJLBJAXT6BSPU"
            },
            "host": {
              "apiId": "/providers/Microsoft.PowerApps/apis/shared_excelonlinebusiness",
              "connectionName": "shared_excelonlinebusiness",
              "operationId": "GetTables"
            },
            "authentication": {
              "value": "@json(decodeBase64(triggerOutputs().headers['X-MS-APIM-Tokens']))['$ConnectionKey']",
              "type": "Raw"
            }
          }
        },
        "Apply_to_each_-_All_Tables": {
          "foreach": "@outputs('Get_tables')?['body/value']",
          "actions": {
            "Apply_to_each_-_All_Rows": {
              "foreach": "@outputs('List_rows_present_in_a_table')?['body/value']",
              "actions": {
                "Update_a_row": {
                  "metadata": {
                    "01JW4YAGRFMBOX3RTMXNHZJLBJAXT6BSPU": "/Power Automate/FruitShopData.xlsx",
                    "tableId": "@items('Apply_to_each_-_All_Tables')['name']"
                  },
                  "type": "OpenApiConnection",
                  "inputs": {
                    "parameters": {
                      "source": "me",
                      "drive": "b!eEenxqkxOk-r-uEc3KfxkO_coIY157BMv1uPrhcboSq7IXqBJY_cQqPLxVo39mbX",
                      "file": "01JW4YAGRFMBOX3RTMXNHZJLBJAXT6BSPU",
                      "table": "@items('Apply_to_each_-_All_Tables')['name']",
                      "idColumn": "ID",
                      "id": "@items('Apply_to_each_-_All_Rows')['ID']",
                      "item": {
                        "TotalSales": "@{add(\r\n  float(items('Apply_to_each_-_All_Rows')['SalesStore1']),\r\n  float(items('Apply_to_each_-_All_Rows')['SalesStore2'])\r\n)}",
                        "Profit": "@{sub(\r\nadd(\r\n  float(items('Apply_to_each_-_All_Rows')['SalesStore1']),\r\n  float(items('Apply_to_each_-_All_Rows')['SalesStore2'])\r\n),\r\n  float(items('Apply_to_each_-_All_Rows')\r\n  ['Cost'])\r\n)}",
                        "EstimatedYearlyProfit": "@{mul(\r\nsub(\r\nadd(\r\n  float(items('Apply_to_each_-_All_Rows')['SalesStore1']),\r\n  float(items('Apply_to_each_-_All_Rows')['SalesStore2'])\r\n),\r\n  float(items('Apply_to_each_-_All_Rows')\r\n  ['Cost'])\r\n),12\r\n)}"
                      }
                    },
                    "host": {
                      "apiId": "/providers/Microsoft.PowerApps/apis/shared_excelonlinebusiness",
                      "connectionName": "shared_excelonlinebusiness",
                      "operationId": "PatchItem"
                    },
                    "authentication": {
                      "value": "@json(decodeBase64(triggerOutputs().headers['X-MS-APIM-Tokens']))['$ConnectionKey']",
                      "type": "Raw"
                    }
                  }
                }
              },
              "runAfter": {
                "List_rows_present_in_a_table": [
                  "Succeeded"
                ]
              },
              "type": "Foreach"
            },
            "List_rows_present_in_a_table": {
              "metadata": {
                "01JW4YAGRFMBOX3RTMXNHZJLBJAXT6BSPU": "/Power Automate/FruitShopData.xlsx",
                "tableId": "@items('Apply_to_each_-_All_Tables')['name']"
              },
              "type": "OpenApiConnection",
              "inputs": {
                "parameters": {
                  "source": "me",
                  "drive": "b!eEenxqkxOk-r-uEc3KfxkO_coIY157BMv1uPrhcboSq7IXqBJY_cQqPLxVo39mbX",
                  "file": "01JW4YAGRFMBOX3RTMXNHZJLBJAXT6BSPU",
                  "table": "@items('Apply_to_each_-_All_Tables')['name']"
                },
                "host": {
                  "apiId": "/providers/Microsoft.PowerApps/apis/shared_excelonlinebusiness",
                  "connectionName": "shared_excelonlinebusiness",
                  "operationId": "GetItems"
                },
                "authentication": {
                  "value": "@json(decodeBase64(triggerOutputs().headers['X-MS-APIM-Tokens']))['$ConnectionKey']",
                  "type": "Raw"
                }
              }
            }
          },
          "runAfter": {
            "Get_tables": [
              "Succeeded"
            ]
          },
          "type": "Foreach"
        }
      }
    },
    "templateName": null
  },
  "schemaVersion": "1.0.0.0"
}