{
  "properties": {
    "connectionReferences": {
      "shared_excelonlinebusiness": {
        "runtimeSource": "invoker",
        "connection": {
          "connectionReferenceLogicalName": "vp1_sharedexcelonlinebusiness_f32ff"
        },
        "api": {
          "name": "shared_excelonlinebusiness"
        }
      }
    },
    "definition": {
      "$schema": "https://schema.management.azure.com/providers/Microsoft.Logic/schemas/2016-06-01/workflowdefinition.json#",
      "contentVersion": "undefined",
      "parameters": {
        "$authentication": {
          "defaultValue": {},
          "type": "SecureObject"
        },
        "$connections": {
          "defaultValue": {},
          "type": "Object"
        }
      },
      "triggers": {
        "manual": {
          "type": "Request",
          "kind": "Button",
          "inputs": {
            "schema": {
              "type": "object",
              "properties": {},
              "required": []
            }
          }
        }
      },
      "actions": {
        "List_rows_present_in_a_table": {
          "runAfter": {
            "Add_a_row_into_a_table": [
              "Succeeded"
            ]
          },
          "metadata": {
            "01JW4YAGRFMBOX3RTMXNHZJLBJAXT6BSPU": "/Power Automate/FruitShopData.xlsx",
            "tableId": "{439F7B35-17F3-4B9E-980D-97903E0BCC5F}"
          },
          "type": "OpenApiConnection",
          "inputs": {
            "parameters": {
              "source": "me",
              "drive": "b!eEenxqkxOk-r-uEc3KfxkO_coIY157BMv1uPrhcboSq7IXqBJY_cQqPLxVo39mbX",
              "file": "01JW4YAGRFMBOX3RTMXNHZJLBJAXT6BSPU",
              "table": "{439F7B35-17F3-4B9E-980D-97903E0BCC5F}"
            },
            "host": {
              "apiId": "/providers/Microsoft.PowerApps/apis/shared_excelonlinebusiness",
              "connectionName": "shared_excelonlinebusiness",
              "operationId": "GetItems"
            },
            "authentication": {
              "value": "@json(decodeBase64(triggerOutputs().headers['X-MS-APIM-Tokens']))['$ConnectionKey']",
              "type": "Raw"
            }
          }
        },
        "Apply_to_each": {
          "foreach": "@outputs('List_rows_present_in_a_table')?['body/value']",
          "actions": {
            "Update_a_row": {
              "metadata": {
                "01JW4YAGRFMBOX3RTMXNHZJLBJAXT6BSPU": "/Power Automate/FruitShopData.xlsx",
                "tableId": "{439F7B35-17F3-4B9E-980D-97903E0BCC5F}"
              },
              "type": "OpenApiConnection",
              "inputs": {
                "parameters": {
                  "source": "me",
                  "drive": "b!eEenxqkxOk-r-uEc3KfxkO_coIY157BMv1uPrhcboSq7IXqBJY_cQqPLxVo39mbX",
                  "file": "01JW4YAGRFMBOX3RTMXNHZJLBJAXT6BSPU",
                  "table": "{439F7B35-17F3-4B9E-980D-97903E0BCC5F}",
                  "idColumn": "ID",
                  "id": "@items('Apply_to_each')?['ID']",
                  "item/TotalSales": "@add(\r\n  float(items('Apply_to_each')?['SalesStore1']),\r\n  float(items('Apply_to_each')?['SalesStore2']))",
                  "item/Profit": "@sub(\r\n  add(\r\n  float(items('Apply_to_each')?['SalesStore1']),\r\n  float(items('Apply_to_each')?['SalesStore2'])),\r\n  float(items('Apply_to_each')?['Cost'])\r\n)",
                  "item/EstimatedYearlyProfit": "@mul(\r\n  12,\r\n  sub(\r\n  add(\r\n  float(items('Apply_to_each')?['SalesStore1']),\r\n  float(items('Apply_to_each')?['SalesStore2'])),\r\n  float(items('Apply_to_each')?['Cost'])\r\n)\r\n)"
                },
                "host": {
                  "apiId": "/providers/Microsoft.PowerApps/apis/shared_excelonlinebusiness",
                  "connectionName": "shared_excelonlinebusiness",
                  "operationId": "PatchItem"
                },
                "authentication": {
                  "value": "@json(decodeBase64(triggerOutputs().headers['X-MS-APIM-Tokens']))['$ConnectionKey']",
                  "type": "Raw"
                }
              }
            }
          },
          "runAfter": {
            "List_rows_present_in_a_table": [
              "Succeeded"
            ]
          },
          "type": "Foreach"
        },
        "Add_a_row_into_a_table": {
          "runAfter": {},
          "metadata": {
            "01JW4YAGRFMBOX3RTMXNHZJLBJAXT6BSPU": "/Power Automate/FruitShopData.xlsx",
            "tableId": "{439F7B35-17F3-4B9E-980D-97903E0BCC5F}"
          },
          "type": "OpenApiConnection",
          "inputs": {
            "parameters": {
              "source": "me",
              "drive": "b!eEenxqkxOk-r-uEc3KfxkO_coIY157BMv1uPrhcboSq7IXqBJY_cQqPLxVo39mbX",
              "file": "01JW4YAGRFMBOX3RTMXNHZJLBJAXT6BSPU",
              "table": "{439F7B35-17F3-4B9E-980D-97903E0BCC5F}",
              "item/ID": "4",
              "item/Fruit": "NewFruit",
              "item/SalesStore1": "2346",
              "item/SalesStore2": "14534",
              "item/Cost": "2312"
            },
            "host": {
              "apiId": "/providers/Microsoft.PowerApps/apis/shared_excelonlinebusiness",
              "connectionName": "shared_excelonlinebusiness",
              "operationId": "AddRowV2"
            },
            "authentication": {
              "value": "@json(decodeBase64(triggerOutputs().headers['X-MS-APIM-Tokens']))['$ConnectionKey']",
              "type": "Raw"
            }
          },
          "description": "If this action added after List Rows Present, this row will be ignored by List Rows Action, and you will not see any update happened in this item"
        }
      }
    },
    "templateName": null
  },
  "schemaVersion": "1.0.0.0"
}