{"name":"d8ad0bb1-5148-4ec0-a158-f136c5b761fb","id":"/providers/Microsoft.Flow/flows/d8ad0bb1-5148-4ec0-a158-f136c5b761fb","type":"Microsoft.Flow/flows","properties":{"apiId":"/providers/Microsoft.PowerApps/apis/shared_logicflows","displayName":"Function Expressions - Lastindexof and substring","definition":{"metadata":{"workflowEntityId":null,"processAdvisorMetadata":null,"flowChargedByPaygo":null,"flowclientsuspensionreason":"None","flowclientsuspensiontime":null,"flowclientsuspensionreasondetails":null,"creator":{"id":"fd0c0274-dfb5-43c5-a34b-7c8c0c672d87","type":"User","tenantId":"e3ad0773-49e9-4589-a7dc-7019e60c1ec3"},"provisioningMethod":"FromDefinition","failureAlertSubscription":true,"clientLastModifiedTime":"2024-12-11T15:53:08.6374483Z","connectionKeySavedTimeKey":"2024-12-11T15:53:08.6374483Z"},"$schema":"https://schema.management.azure.com/providers/Microsoft.Logic/schemas/2016-06-01/workflowdefinition.json#","contentVersion":"undefined","parameters":{"$authentication":{"defaultValue":{},"type":"SecureObject"},"$connections":{"defaultValue":{},"type":"Object"}},"triggers":{"manual":{"type":"Request","kind":"Button","inputs":{"schema":{"type":"object","properties":{},"required":[]}}}},"actions":{"Compose":{"runAfter":{},"type":"Compose","inputs":"@lastIndexOf('Vijay Perepa Perepa','Perepa')","description":"In this Action I am trying to know the character number where the last 'Perepa' is starting.\nlastIndexOf function - Return the starting position for the last occurrence of a substring. "},"Compose_1":{"runAfter":{"Compose":["Succeeded"]},"type":"Compose","inputs":"@substring('Vijay Perepa Perepa',outputs('Compose'),5)","description":"After knowing the position of last occurrence of 'Perepa' in the text , I want to bring that out as a string with this action, Substring function is like MID function in Excel"}}},"connectionReferences":{},"flowFailureAlertSubscribed":false,"isManaged":false}}