{"name":"c573a771-0e1b-4d6d-a0b2-f2ca438a3284","id":"/providers/Microsoft.Flow/flows/c573a771-0e1b-4d6d-a0b2-f2ca438a3284","type":"Microsoft.Flow/flows","properties":{"apiId":"/providers/Microsoft.PowerApps/apis/shared_logicflows","displayName":"Data Operations - Initialize Variables","definition":{"metadata":{"workflowEntityId":null,"processAdvisorMetadata":null,"flowChargedByPaygo":null,"flowclientsuspensionreason":"None","flowclientsuspensiontime":null,"flowclientsuspensionreasondetails":null,"creator":{"id":"fd0c0274-dfb5-43c5-a34b-7c8c0c672d87","type":"User","tenantId":"e3ad0773-49e9-4589-a7dc-7019e60c1ec3"},"provisioningMethod":"FromDefinition","failureAlertSubscription":true,"clientLastModifiedTime":"2024-12-01T12:05:07.7588506Z","connectionKeySavedTimeKey":"2024-12-01T12:05:07.7588506Z"},"$schema":"https://schema.management.azure.com/providers/Microsoft.Logic/schemas/2016-06-01/workflowdefinition.json#","contentVersion":"undefined","parameters":{"$authentication":{"defaultValue":{},"type":"SecureObject"},"$connections":{"defaultValue":{},"type":"Object"}},"triggers":{"manual":{"type":"Request","kind":"Button","inputs":{"schema":{"type":"object","properties":{},"required":[]}},"description":"In Power Automate (Cloud), the \"Initialize Variable\" action is used to create and define a variable within a flow. Variables are essential for storing data that can be reused or manipulated later in the flow. Run this flow & see the results to understand!"}},"actions":{"Initialize_variable":{"runAfter":{},"type":"InitializeVariable","inputs":{"variables":[{"name":"number in text format","type":"string","value":"123"}]},"description":"The type defines the kind of data the variable can store. Common types include:\nString: For text.\nInteger: For whole numbers.\nFloat: For decimal numbers.\nBoolean: For true/false values.\nArray: For lists of items.\nObject: For structured data, such as JSON."},"Initialize_variable_1":{"runAfter":{"Initialize_variable":["Succeeded"]},"type":"InitializeVariable","inputs":{"variables":[{"name":"number","type":"integer","value":123}]}},"Set_variable":{"runAfter":{"Compose":["Succeeded"]},"type":"SetVariable","inputs":{"name":"number","value":346},"description":"In Power Automate (Cloud), the \"Set Variable\" action is used to update the value of an already initialized variable within a flow. It allows you to assign a new value to a variable at any point after it has been initialized."},"Compose":{"runAfter":{"Initialize_variable_1":["Succeeded"]},"type":"Compose","inputs":"@variables('number')"},"Compose_1":{"runAfter":{"Set_variable":["Succeeded"]},"type":"Compose","inputs":"@variables('number')"}}},"connectionReferences":{},"flowFailureAlertSubscribed":false,"isManaged":false}}