{"name":"c6adee7b-58a9-433a-bdc0-92b90a09b2ac","id":"/providers/Microsoft.Flow/flows/c6adee7b-58a9-433a-bdc0-92b90a09b2ac","type":"Microsoft.Flow/flows","properties":{"apiId":"/providers/Microsoft.PowerApps/apis/shared_logicflows","displayName":"Understand Concat Function - Sending List of People by Department","definition":{"metadata":{"workflowEntityId":null,"processAdvisorMetadata":null,"flowChargedByPaygo":null,"flowclientsuspensionreason":"None","flowclientsuspensiontime":null,"flowclientsuspensionreasondetails":null,"creator":{"id":"fd0c0274-dfb5-43c5-a34b-7c8c0c672d87","type":"User","tenantId":"e3ad0773-49e9-4589-a7dc-7019e60c1ec3"},"provisioningMethod":"FromDefinition","failureAlertSubscription":true,"clientLastModifiedTime":"2024-12-11T08:07:50.8808673Z","connectionKeySavedTimeKey":"2024-12-11T08:07:50.8808673Z"},"$schema":"https://schema.management.azure.com/providers/Microsoft.Logic/schemas/2016-06-01/workflowdefinition.json#","contentVersion":"undefined","parameters":{"$connections":{"defaultValue":{},"type":"Object"},"$authentication":{"defaultValue":{},"type":"SecureObject"}},"triggers":{"Recurrence":{"recurrence":{"frequency":"Day","interval":1,"startTime":"2024-12-10T04:30:00.000Z"},"metadata":{"operationMetadataId":"74eeadbe-5ce0-4865-b207-749e8e0879f3"},"type":"Recurrence","description":"This Flow is basically about Learning Functions, Here you are learning CONCAT Function ! Objective of this flow - Send Details of Employees and Salaries with a Salary Condition"}},"actions":{"Get_items":{"runAfter":{"Compose":["Succeeded"]},"metadata":{"operationMetadataId":"8200c921-3ceb-48f7-be33-b1ec3116d370"},"type":"OpenApiConnection","inputs":{"host":{"apiId":"/providers/Microsoft.PowerApps/apis/shared_sharepointonline","connectionName":"shared_sharepointonline","operationId":"GetItems"},"parameters":{"dataset":"https://ameetz.sharepoint.com/sites/PowerAutomateTraining-Faurecia","table":"a81f0dc1-27a7-4344-836f-2dc849c5fd4f","$filter":"field_6 lt '750000'"},"authentication":"@parameters('$authentication')"},"description":"Wanted to retrieve all the rows in a share point list. We are using ODATA Filter Query to retrieve only those rows  where salary less than 750000 , Query synatax : field_6 lt '750000'. field_6 is the salary column inside the share point "},"Create_HTML_table":{"runAfter":{"Get_items":["Succeeded"]},"metadata":{"operationMetadataId":"b476a0d1-046b-4c3a-b616-d2344f981564"},"type":"Table","inputs":{"from":"@outputs('Get_items')?['body/value']","format":"HTML","columns":[{"header":"Name & Department","value":"@concat(item()?['field_1'],'-',item()?['field_2'])"},{"header":"Salary","value":"@item()?['field_6']"}]},"description":"Conact function brings two strings together, its a simple and similar to Excel function"},"Compose":{"runAfter":{},"metadata":{"operationMetadataId":"d6882c59-af5c-40a7-af02-c5ff64961590"},"type":"Compose","inputs":"This Compose Action for information about the Sharepointlist and not part of the Flow","description":"SharePoint Columns : Employee ID, Name, Department, Designation, Location, Joining Date, Salary"}}},"connectionReferences":{"shared_sharepointonline":{"connectionName":"ba3962211fd445a2ba88371a12a71835","source":"Embedded","id":"/providers/Microsoft.PowerApps/apis/shared_sharepointonline","tier":"NotSpecified"}},"flowFailureAlertSubscribed":false,"isManaged":false}}