{"name":"62d9e37e-7bd1-4a61-aa7d-111c9a044d14","id":"/providers/Microsoft.Flow/flows/62d9e37e-7bd1-4a61-aa7d-111c9a044d14","type":"Microsoft.Flow/flows","properties":{"apiId":"/providers/Microsoft.PowerApps/apis/shared_logicflows","displayName":"Power Automte Function Expressions - contains","definition":{"metadata":{"workflowEntityId":null,"processAdvisorMetadata":null,"flowChargedByPaygo":null,"flowclientsuspensionreason":"None","flowclientsuspensiontime":null,"flowclientsuspensionreasondetails":null,"creator":{"id":"fd0c0274-dfb5-43c5-a34b-7c8c0c672d87","type":"User","tenantId":"e3ad0773-49e9-4589-a7dc-7019e60c1ec3"},"provisioningMethod":"FromDefinition","failureAlertSubscription":true,"clientLastModifiedTime":"2024-12-12T08:07:14.7028849Z","connectionKeySavedTimeKey":"2024-12-12T08:07:14.7028849Z"},"$schema":"https://schema.management.azure.com/providers/Microsoft.Logic/schemas/2016-06-01/workflowdefinition.json#","contentVersion":"1.0.0.0","parameters":{"$authentication":{"defaultValue":{},"type":"SecureObject"},"$connections":{"defaultValue":{},"type":"Object"}},"triggers":{"When_a_new_email_arrives_(V3)":{"splitOn":"@triggerOutputs()?['body/value']","type":"OpenApiConnectionNotification","inputs":{"parameters":{"includeAttachments":false,"importance":"Any","fetchOnlyWithAttachment":false,"folderPath":"Inbox"},"host":{"apiId":"/providers/Microsoft.PowerApps/apis/shared_office365","connectionName":"shared_office365","operationId":"OnNewEmailV3"},"authentication":"@parameters('$authentication')"},"description":"Imagine you have received an email and in the body text you found a string \"urgent\". based on that you want to react and send an email back or do another action"}},"actions":{"Compose":{"runAfter":{},"type":"Compose","inputs":"@contains(triggerOutputs()?['body/body'],'urgent')","description":"Here I have used contains function to confirm the body text contains a string value \"urgent\"\nexpression will be contains(select Body from trigger,'contains') \nyou can refer the function as well . Compose throws the outcome as true or false\n"},"Condition":{"actions":{"Compose_1":{"type":"Compose","inputs":"Yes"}},"runAfter":{"Compose":["Succeeded"]},"else":{"actions":{}},"expression":{"and":[{"equals":["@outputs('Compose')",true]}]},"type":"If","description":"Based on the output from compose we can initiate another action like sending email or adding row in a share point etc"}},"outputs":{}},"connectionReferences":{"shared_office365":{"connectionName":"shared-office365-1b3ea6c0-8349-4fea-a855-c86406cbe678","source":"Embedded","id":"/providers/Microsoft.PowerApps/apis/shared_office365","tier":"NotSpecified","apiName":"office365"}},"flowFailureAlertSubscribed":false,"isManaged":false}}