{"name":"c3a091b4-6db6-4408-ad52-3a7a4529ea7e","id":"/providers/Microsoft.Flow/flows/c3a091b4-6db6-4408-ad52-3a7a4529ea7e","type":"Microsoft.Flow/flows","properties":{"apiId":"/providers/Microsoft.PowerApps/apis/shared_logicflows","displayName":"Number of Days between two Dates","definition":{"metadata":{"workflowEntityId":null,"processAdvisorMetadata":null,"flowChargedByPaygo":null,"flowclientsuspensionreason":"None","flowclientsuspensiontime":null,"flowclientsuspensionreasondetails":null,"creator":{"id":"fd0c0274-dfb5-43c5-a34b-7c8c0c672d87","type":"User","tenantId":"e3ad0773-49e9-4589-a7dc-7019e60c1ec3"},"provisioningMethod":"FromDefinition","failureAlertSubscription":true,"clientLastModifiedTime":"2024-12-09T10:12:40.9467922Z","connectionKeySavedTimeKey":"2024-12-09T10:12:40.9467922Z"},"$schema":"https://schema.management.azure.com/providers/Microsoft.Logic/schemas/2016-06-01/workflowdefinition.json#","contentVersion":"undefined","parameters":{"$authentication":{"defaultValue":{},"type":"SecureObject"},"$connections":{"defaultValue":{},"type":"Object"}},"triggers":{"manual":{"type":"Request","kind":"Button","inputs":{"schema":{"type":"object","properties":{"date":{"description":"Please enter or select a date (YYYY-MM-DD)","format":"date","title":"Start Date","type":"string","x-ms-content-hint":"DATE","x-ms-dynamically-added":true},"date_1":{"description":"Please enter or select a date (YYYY-MM-DD)","format":"date","title":"End Date","type":"string","x-ms-content-hint":"DATE","x-ms-dynamically-added":true}},"required":["date","date_1"]}},"description":"There are two ways to know the number of Days between two dates \njust like Datediff function in Excel/PowerBI"}},"actions":{"Compose_-_Datedifference":{"runAfter":{},"type":"Compose","inputs":"@dateDifference(triggerBody()?['date'],triggerBody()?['date_1'])","description":"But Date Difference functions output is dd:hh:mm:ss format hence you donot get a whole number"},"Compose_-_Output_of_Datedifference":{"runAfter":{"Compose_-_Datedifference_-_ticks_method":["Succeeded"]},"type":"Compose","inputs":"@outputs('Compose_-_Datedifference_-_ticks_method')"},"Compose_-_Datedifference_-_ticks_method":{"runAfter":{},"type":"Compose","inputs":"@div(sub(ticks(triggerBody()?['date_1']),ticks(triggerBody()?['date'])),864000000000)","description":"using ticks you can achieve the whole number of outcome.\nIn Power Automate, the \"ticks\" function returns a number that represents the number of 100-nanosecond intervals that have passed since midnight on January 1, 0001"}}},"connectionReferences":{},"flowFailureAlertSubscribed":false,"isManaged":false}}